Workbook

Sheet Raw_Data
A1: Employee ID | B1: Employee Name | C1: Gender | D1: Department | E1: Region | F1: Experience (Years) | G1: Hours Worked | H1: Hourly Rate | I1: Sales | J1: Performance Score
A2: 1 | B2: Samuel Wambui | C2: Male | D2: IT | E2: Nairobi | F2: 5 | G2: 45 | H2: 650 | I2: 160000 | J2: 88
A3: 2 | B3: Leonard Karanja | C3: Male | D3: Sales | E3: Nairobi | F3: 4 | G3: 42 | H3: 500 | I3: 130000 | J3: 80
A4: 3 | B4: Ryan Nyambura | C4: Male | D4: Marketing | E4: Mombasa | F4: 3 | G4: 40 | H4: 420 | I4: 90000 | J4: 75
A5: 4 | B5: John Mwangi | C5: Male | D5: IT | E5: Nairobi | F5: 6 | G5: 46 | H5: 700 | I5: 170000 | J5: 92
A6: 5 | B6: Brian Moindi | C6: Male | D6: Finance | E6: Eldoret | F6: 5 | G6: 41 | H6: 550 | I6: 70000 | J6: 78
A7: 6 | B7: Joymary Wangare | C7: Female | D7: HR | E7: Nakuru | F7: 2 | G7: 36 | H7: 350 | I7: 0 | J7: 65
A8: 7 | B8: James Njuguna | C8: Male | D8: Sales | E8: Kisumu | F8: 4 | G8: 43 | H8: 510 | I8: 120000 | J8: 82
A9: 8 | B9: Charles Karanu | C9: Male | D9: IT | E9: Nairobi | F9: 7 | G9: 48 | H9: 720 | I9: 175000 | J9: 95
A10: 9 | B10: David Kimani | C10: Male | D10: Finance | E10: Eldoret | F10: 6 | G10: 42 | H10: 560 | I10: 75000 | J10: 85
A11: 10 | B11: Lucy Wanjiku | C11: Female | D11: HR | E11: Nakuru | F11: 3 | G11: 37 | H11: 360 | I11: 0 | J11: 68
A12: 11 | B12: Kevin Kiptoo | C12: Male | D12: Sales | E12: Kisumu | F12: 4 | G12: 41 | H12: 500 | I12: 115000 | J12: 79
A13: 12 | B13: Susan Achieng | C13: Female | D13: Marketing | E13: Mombasa | F13: 5 | G13: 44 | H13: 430 | I13: 95000 | J13: 83
... A51: 50 | B51: Benson Kiptoo | C51: Male | D51: Sales | E51: Kisumu | F51: 4 | G51: 40 | H51: 500 | I51: 115000 | J51: 82

Sheet Clean_Data
A1: Employee ID | B1: Employee Name | C1: Gender | D1: Department | E1: Region | F1: Experience (Years) | G1: Hours Worked | H1: Hourly Rate | I1: Sales | J1: Performance Score | K1: Salary | L1: Bonus | M1: Performance category | N1: Allowance | P1: Department | Q1: Allowance
A2: =Raw_Data!A2 -> 1 | B2: =PROPER(TRIM(Raw_Data!B2)) -> Samuel Wambui | C2: =PROPER(TRIM(Raw_Data!C2)) -> Male | D2: =UPPER(TRIM(Raw_Data!D2)) -> IT | E2: =PROPER(TRIM(Raw_Data!E2)) -> Nairobi | F2: =Raw_Data!F2 -> 5 | G2: =Raw_Data!G2 -> 45 | H2: =Raw_Data!H2 -> 650 | I2: =Raw_Data!I2 -> 160000 | J2: =Raw_Data!J2 -> 88 | K2: =G2*H2 -> 29250 | L2: =IF(J2>90,10000,IF(J2>80,5000,2000)) -> 5000 | M2: =IF(J2>90,"Excellent",IF(J2>80,"Good","Average")) -> Good | N2: =IFERROR(VLOOKUP(D2,P2:Q6,2,FALSE),0) -> 8000 | P2: IT | Q2: 8000
A3: =Raw_Data!A3 -> 2 | B3: =PROPER(TRIM(Raw_Data!B3)) -> Leonard Karanja | C3: =PROPER(TRIM(Raw_Data!C3)) -> Male | D3: =UPPER(TRIM(Raw_Data!D3)) -> SALES | E3: =PROPER(TRIM(Raw_Data!E3)) -> Nairobi | F3: =Raw_Data!F3 -> 4 | G3: =Raw_Data!G3 -> 42 | H3: =Raw_Data!H3 -> 500 | I3: =Raw_Data!I3 -> 130000 | J3: =Raw_Data!J3 -> 80 | K3: =G3*H3 -> 21000 | L3: =IF(J3>90,10000,IF(J3>80,5000,2000)) -> 2000 | M3: =IF(J3>90,"Excellent",IF(J3>80,"Good","Average")) -> Average | N3: =IFERROR(VLOOKUP(D3,P3:Q7,2,FALSE),0) -> 5000 | P3: SALES | Q3: 5000
A4: =Raw_Data!A4 -> 3 | B4: =PROPER(TRIM(Raw_Data!B4)) -> Ryan Nyambura | C4: =PROPER(TRIM(Raw_Data!C4)) -> Male | D4: =UPPER(TRIM(Raw_Data!D4)) -> MARKETING | E4: =PROPER(TRIM(Raw_Data!E4)) -> Mombasa | F4: =Raw_Data!F4 -> 3 | G4: =Raw_Data!G4 -> 40 | H4: =Raw_Data!H4 -> 420 | I4: =Raw_Data!I4 -> 90000 | J4: =Raw_Data!J4 -> 75 | K4: =G4*H4 -> 16800 | L4: =IF(J4>90,10000,IF(J4>80,5000,2000)) -> 2000 | M4: =IF(J4>90,"Excellent",IF(J4>80,"Good","Average")) -> Average | N4: =IFERROR(VLOOKUP(D4,P4:Q8,2,FALSE),0) -> 4000 | P4: MARKETING | Q4: 4000
A5: =Raw_Data!A5 -> 4 | B5: =PROPER(TRIM(Raw_Data!B5)) -> John Mwangi | C5: =PROPER(TRIM(Raw_Data!C5)) -> Male | D5: =UPPER(TRIM(Raw_Data!D5)) -> IT | E5: =PROPER(TRIM(Raw_Data!E5)) -> Nairobi | F5: =Raw_Data!F5 -> 6 | G5: =Raw_Data!G5 -> 46 | H5: =Raw_Data!H5 -> 700 | I5: =Raw_Data!I5 -> 170000 | J5: =Raw_Data!J5 -> 92 | K5: =G5*H5 -> 32200 | L5: =IF(J5>90,10000,IF(J5>80,5000,2000)) -> 10000 | M5: =IF(J5>90,"Excellent",IF(J5>80,"Good","Average")) -> Excellent | N5: =IFERROR(VLOOKUP(D5,P5:Q9,2,FALSE),0) -> 0 | P5: FINANCE | Q5: 3500
A6: =Raw_Data!A6 -> 5 | B6: =PROPER(TRIM(Raw_Data!B6)) -> Brian Moindi | C6: =PROPER(TRIM(Raw_Data!C6)) -> Male | D6: =UPPER(TRIM(Raw_Data!D6)) -> FINANCE | E6: =PROPER(TRIM(Raw_Data!E6)) -> Eldoret | F6: =Raw_Data!F6 -> 5 | G6: =Raw_Data!G6 -> 41 | H6: =Raw_Data!H6 -> 550 | I6: =Raw_Data!I6 -> 70000 | J6: =Raw_Data!J6 -> 78 | K6: =G6*H6 -> 22550 | L6: =IF(J6>90,10000,IF(J6>80,5000,2000)) -> 2000 | M6: =IF(J6>90,"Excellent",IF(J6>80,"Good","Average")) -> Average | N6: =IFERROR(VLOOKUP(D6,P6:Q10,2,FALSE),0) -> 0 | P6: HR | Q6: 2000
A7: =Raw_Data!A7 -> 6 | B7: =PROPER(TRIM(Raw_Data!B7)) -> Joymary Wangare | C7: =PROPER(TRIM(Raw_Data!C7)) -> Female | D7: =UPPER(TRIM(Raw_Data!D7)) -> HR | E7: =PROPER(TRIM(Raw_Data!E7)) -> Nakuru | F7: =Raw_Data!F7 -> 2 | G7: =Raw_Data!G7 -> 36 | H7: =Raw_Data!H7 -> 350 | I7: =Raw_Data!I7 -> 0 | J7: =Raw_Data!J7 -> 65 | K7: =G7*H7 -> 12600 | L7: =IF(J7>90,10000,IF(J7>80,5000,2000)) -> 2000 | M7: =IF(J7>90,"Excellent",IF(J7>80,"Good","Average")) -> Average | N7: =IFERROR(VLOOKUP(D7,P7:Q11,2,FALSE),0) -> 0
A8: =Raw_Data!A8 -> 7 | B8: =PROPER(TRIM(Raw_Data!B8)) -> James Njuguna | C8: =PROPER(TRIM(Raw_Data!C8)) -> Male | D8: =UPPER(TRIM(Raw_Data!D8)) -> SALES | E8: =PROPER(TRIM(Raw_Data!E8)) -> Kisumu | F8: =Raw_Data!F8 -> 4 | G8: =Raw_Data!G8 -> 43 | H8: =Raw_Data!H8 -> 510 | I8: =Raw_Data!I8 -> 120000 | J8: =Raw_Data!J8 -> 82 | K8: =G8*H8 -> 21930 | L8: =IF(J8>90,10000,IF(J8>80,5000,2000)) -> 5000 | M8: =IF(J8>90,"Excellent",IF(J8>80,"Good","Average")) -> Good | N8: =IFERROR(VLOOKUP(D8,P8:Q12,2,FALSE),0) -> 0 | P8: =1+1 -> 2
A9: =Raw_Data!A9 -> 8 | B9: =PROPER(TRIM(Raw_Data!B9)) -> Charles Karanu | C9: =PROPER(TRIM(Raw_Data!C9)) -> Male | D9: =UPPER(TRIM(Raw_Data!D9)) -> IT | E9: =PROPER(TRIM(Raw_Data!E9)) -> Nairobi | F9: =Raw_Data!F9 -> 7 | G9: =Raw_Data!G9 -> 48 | H9: =Raw_Data!H9 -> 720 | I9: =Raw_Data!I9 -> 175000 | J9: =Raw_Data!J9 -> 95 | K9: =G9*H9 -> 34560 | L9: =IF(J9>90,10000,IF(J9>80,5000,2000)) -> 10000 | M9: =IF(J9>90,"Excellent",IF(J9>80,"Good","Average")) -> Excellent | N9: =IFERROR(VLOOKUP(D9,P9:Q13,2,FALSE),0) -> 0 | P9: =SUM(1,2) -> 3
A10: =Raw_Data!A10 -> 9 | B10: =PROPER(TRIM(Raw_Data!B10)) -> David Kimani | C10: =PROPER(TRIM(Raw_Data!C10)) -> Male | D10: =UPPER(TRIM(Raw_Data!D10)) -> FINANCE | E10: =PROPER(TRIM(Raw_Data!E10)) -> Eldoret | F10: =Raw_Data!F10 -> 6 | G10: =Raw_Data!G10 -> 42 | H10: =Raw_Data!H10 -> 560 | I10: =Raw_Data!I10 -> 75000 | J10: =Raw_Data!J10 -> 85 | K10: =G10*H10 -> 23520 | L10: =IF(J10>90,10000,IF(J10>80,5000,2000)) -> 5000 | M10: =IF(J10>90,"Excellent",IF(J10>80,"Good","Average")) -> Good | N10: =IFERROR(VLOOKUP(D10,P10:Q14,2,FALSE),0) -> 0
A11: =Raw_Data!A11 -> 10 | B11: =PROPER(TRIM(Raw_Data!B11)) -> Lucy Wanjiku | C11: =PROPER(TRIM(Raw_Data!C11)) -> Female | D11: =UPPER(TRIM(Raw_Data!D11)) -> HR | E11: =PROPER(TRIM(Raw_Data!E11)) -> Nakuru | F11: =Raw_Data!F11 -> 3 | G11: =Raw_Data!G11 -> 37 | H11: =Raw_Data!H11 -> 360 | I11: =Raw_Data!I11 -> 0 | J11: =Raw_Data!J11 -> 68 | K11: =G11*H11 -> 13320 | L11: =IF(J11>90,10000,IF(J11>80,5000,2000)) -> 2000 | M11: =IF(J11>90,"Excellent",IF(J11>80,"Good","Average")) -> Average | N11: =IFERROR(VLOOKUP(D11,P11:Q15,2,FALSE),0) -> 0
A12: =Raw_Data!A12 -> 11 | B12: =PROPER(TRIM(Raw_Data!B12)) -> Kevin Kiptoo | C12: =PROPER(TRIM(Raw_Data!C12)) -> Male | D12: =UPPER(TRIM(Raw_Data!D12)) -> SALES | E12: =PROPER(TRIM(Raw_Data!E12)) -> Kisumu | F12: =Raw_Data!F12 -> 4 | G12: =Raw_Data!G12 -> 41 | H12: =Raw_Data!H12 -> 500 | I12: =Raw_Data!I12 -> 115000 | J12: =Raw_Data!J12 -> 79 | K12: =G12*H12 -> 20500 | L12: =IF(J12>90,10000,IF(J12>80,5000,2000)) -> 2000 | M12: =IF(J12>90,"Excellent",IF(J12>80,"Good","Average")) -> Average | N12: =IFERROR(VLOOKUP(D12,P12:Q16,2,FALSE),0) -> 0
A13: =Raw_Data!A13 -> 12 | B13: =PROPER(TRIM(Raw_Data!B13)) -> Susan Achieng | C13: =PROPER(TRIM(Raw_Data!C13)) -> Female | D13: =UPPER(TRIM(Raw_Data!D13)) -> MARKETING | E13: =PROPER(TRIM(Raw_Data!E13)) -> Mombasa | F13: =Raw_Data!F13 -> 5 | G13: =Raw_Data!G13 -> 44 | H13: =Raw_Data!H13 -> 430 | I13: =Raw_Data!I13 -> 95000 | J13: =Raw_Data!J13 -> 83 | K13: =G13*H13 -> 18920 | L13: =IF(J13>90,10000,IF(J13>80,5000,2000)) -> 5000 | M13: =IF(J13>90,"Excellent",IF(J13>80,"Good","Average")) -> Good | N13: =IFERROR(VLOOKUP(D13,P13:Q17,2,FALSE),0) -> 0
A14: =Raw_Data!A14 -> 13 | B14: =PROPER(TRIM(Raw_Data!B14)) -> George Mutua | C14: =PROPER(TRIM(Raw_Data!C14)) -> Male | D14: =UPPER(TRIM(Raw_Data!D14)) -> IT | E14: =PROPER(TRIM(Raw_Data!E14)) -> Nairobi | F14: =Raw_Data!F14 -> 6 | G14: =Raw_Data!G14 -> 47 | H14: =Raw_Data!H14 -> 710 | I14: =Raw_Data!I14 -> 165000 | J14: =Raw_Data!J14 -> 90 | K14: =G14*H14 -> 33370 | L14: =IF(J14>90,10000,IF(J14>80,5000,2000)) -> 5000 | M14: =IF(J14>90,"Excellent",IF(J14>80,"Good","Average")) -> Good | N14: =IFERROR(VLOOKUP(D14,P14:Q18,2,FALSE),0) -> 0
A15: =Raw_Data!A15 -> 14 | B15: =PROPER(TRIM(Raw_Data!B15)) -> Ann Njeri | C15: =PROPER(TRIM(Raw_Data!C15)) -> Female | D15: =UPPER(TRIM(Raw_Data!D15)) -> HR | E15: =PROPER(TRIM(Raw_Data!E15)) -> Nakuru | F15: =Raw_Data!F15 -> 2 | G15: =Raw_Data!G15 -> 35 | H15: =Raw_Data!H15 -> 350 | I15: =Raw_Data!I15 -> 0 | J15: =Raw_Data!J15 -> 60 | K15: =G15*H15 -> 12250 | L15: =IF(J15>90,10000,IF(J15>80,5000,2000)) -> 2000 | M15: =IF(J15>90,"Excellent",IF(J15>80,"Good","Average")) -> Average | N15: =IFERROR(VLOOKUP(D15,P15:Q19,2,FALSE),0) -> 0
A16: =Raw_Data!A16 -> 15 | B16: =PROPER(TRIM(Raw_Data!B16)) -> Paul Mwangi | C16: =PROPER(TRIM(Raw_Data!C16)) -> Male | D16: =UPPER(TRIM(Raw_Data!D16)) -> IT | E16: =PROPER(TRIM(Raw_Data!E16)) -> Nairobi | F16: =Raw_Data!F16 -> 7 | G16: =Raw_Data!G16 -> 49 | H16: =Raw_Data!H16 -> 730 | I16: =Raw_Data!I16 -> 180000 | J16: =Raw_Data!J16 -> 96 | K16: =G16*H16 -> 35770 | L16: =IF(J16>90,10000,IF(J16>80,5000,2000)) -> 10000 | M16: =IF(J16>90,"Excellent",IF(J16>80,"Good","Average")) -> Excellent | N16: =IFERROR(VLOOKUP(D16,P16:Q20,2,FALSE),0) -> 0
A17: =Raw_Data!A17 -> 16 | B17: =PROPER(TRIM(Raw_Data!B17)) -> Esther Wanjiru | C17: =PROPER(TRIM(Raw_Data!C17)) -> Female | D17: =UPPER(TRIM(Raw_Data!D17)) -> FINANCE | E17: =PROPER(TRIM(Raw_Data!E17)) -> Eldoret | F17: =Raw_Data!F17 -> 5 | G17: =Raw_Data!G17 -> 40 | H17: =Raw_Data!H17 -> 540 | I17: =Raw_Data!I17 -> 72000 | J17: =Raw_Data!J17 -> 80 | K17: =G17*H17 -> 21600 | L17: =IF(J17>90,10000,IF(J17>80,5000,2000)) -> 2000 | M17: =IF(J17>90,"Excellent",IF(J17>80,"Good","Average")) -> Average | N17: =IFERROR(VLOOKUP(D17,P17:Q21,2,FALSE),0) -> 0
A18: =Raw_Data!A18 -> 17 | B18: =PROPER(TRIM(Raw_Data!B18)) -> Alex Kiptoo | C18: =PROPER(TRIM(Raw_Data!C18)) -> Male | D18: =UPPER(TRIM(Raw_Data!D18)) -> SALES | E18: =PROPER(TRIM(Raw_Data!E18)) -> Kisumu | F18: =Raw_Data!F18 -> 3 | G18: =Raw_Data!G18 -> 39 | H18: =Raw_Data!H18 -> 495 | I18: =Raw_Data!I18 -> 110000 | J18: =Raw_Data!J18 -> 77 | K18: =G18*H18 -> 19305 | L18: =IF(J18>90,10000,IF(J18>80,5000,2000)) -> 2000 | M18: =IF(J18>90,"Excellent",IF(J18>80,"Good","Average")) -> Average | N18: =IFERROR(VLOOKUP(D18,P18:Q22,2,FALSE),0) -> 0
A19: =Raw_Data!A19 -> 18 | B19: =PROPER(TRIM(Raw_Data!B19)) -> Ruth Chebet | C19: =PROPER(TRIM(Raw_Data!C19)) -> Female | D19: =UPPER(TRIM(Raw_Data!D19)) -> MARKETING | E19: =PROPER(TRIM(Raw_Data!E19)) -> Mombasa | F19: =Raw_Data!F19 -> 4 | G19: =Raw_Data!G19 -> 42 | H19: =Raw_Data!H19 -> 425 | I19: =Raw_Data!I19 -> 92000 | J19: =Raw_Data!J19 -> 81 | K19: =G19*H19 -> 17850 | L19: =IF(J19>90,10000,IF(J19>80,5000,2000)) -> 5000 | M19: =IF(J19>90,"Excellent",IF(J19>80,"Good","Average")) -> Good | N19: =IFERROR(VLOOKUP(D19,P19:Q23,2,FALSE),0) -> 0
A20: =Raw_Data!A20 -> 19 | B20: =PROPER(TRIM(Raw_Data!B20)) -> Mark Otieno | C20: =PROPER(TRIM(Raw_Data!C20)) -> Male | D20: =UPPER(TRIM(Raw_Data!D20)) -> MARKETING | E20: =PROPER(TRIM(Raw_Data!E20)) -> Mombasa | F20: =Raw_Data!F20 -> 5 | G20: =Raw_Data!G20 -> 45 | H20: =Raw_Data!H20 -> 430 | I20: =Raw_Data!I20 -> 97000 | J20: =Raw_Data!J20 -> 84 | K20: =G20*H20 -> 19350 | L20: =IF(J20>90,10000,IF(J20>80,5000,2000)) -> 5000 | M20: =IF(J20>90,"Excellent",IF(J20>80,"Good","Average")) -> Good | N20: =IFERROR(VLOOKUP(D20,P20:Q24,2,FALSE),0) -> 0
A21: =Raw_Data!A21 -> 20 | B21: =PROPER(TRIM(Raw_Data!B21)) -> Nancy Njeri | C21: =PROPER(TRIM(Raw_Data!C21)) -> Female | D21: =UPPER(TRIM(Raw_Data!D21)) -> HR | E21: =PROPER(TRIM(Raw_Data!E21)) -> Nakuru | F21: =Raw_Data!F21 -> 3 | G21: =Raw_Data!G21 -> 36 | H21: =Raw_Data!H21 -> 355 | I21: =Raw_Data!I21 -> 0 | J21: =Raw_Data!J21 -> 66 | K21: =G21*H21 -> 12780 | L21: =IF(J21>90,10000,IF(J21>80,5000,2000)) -> 2000 | M21: =IF(J21>90,"Excellent",IF(J21>80,"Good","Average")) -> Average | N21: =IFERROR(VLOOKUP(D21,P21:Q25,2,FALSE),0) -> 0
... A51: =Raw_Data!A51 -> 50 | B51: =PROPER(TRIM(Raw_Data!B51)) -> Benson Kiptoo | C51: =PROPER(TRIM(Raw_Data!C51)) -> Male | D51: =UPPER(TRIM(Raw_Data!D51)) -> SALES | E51: =PROPER(TRIM(Raw_Data!E51)) -> Kisumu | F51: =Raw_Data!F51 -> 4 | G51: =Raw_Data!G51 -> 40 | H51: =Raw_Data!H51 -> 500 | I51: =Raw_Data!I51 -> 115000 | J51: =Raw_Data!J51 -> 82 | K51: =G51*H51 -> 20000 | L51: =IF(J51>90,10000,IF(J51>80,5000,2000)) -> 5000 | M51: =IF(J51>90,"Excellent",IF(J51>80,"Good","Average")) -> Good | N51: =IFERROR(VLOOKUP(D51,P51:Q55,2,FALSE),0) -> 0

Sheet Business_Insights
A1: Gender | B1: Department | C1: Sum of Sales | D1: Sum of Performance Score | G1: Department | H1: (Multiple Items)
A2: Female | B2: FINANCE | C2: 284500 | D2: 317
B3: HR | C3: 0 | D3: 512 | G3: Sum of Sales | H3: Gender
B4: MARKETING | C4: 467000 | D4: 408 | G4: Region | H4: Female | I4: Male | J4: Grand Total
B5: SALES | C5: 226000 | D5: 158 | G5: Eldoret | H5: 284500 | I5: 371000 | J5: 655500
A6: Female Total | C6: 977500 | D6: 1395 | G6: Kisumu | H6: 226000 | I6: 788000 | J6: 1014000
A7: Male | B7: FINANCE | C7: 371000 | D7: 417 | G7: Mombasa | H7: 467000 | I7: 567000 | J7: 1034000
B8: IT | C8: 2068000 | D8: 1116 | G8: Nairobi | I8: 2198000 | J8: 2198000
B9: MARKETING | C9: 567000 | D9: 494 | G9: Nakuru | H9: 0 | J9: 0
B10: SALES | C10: 918000 | D10: 632 | G10: Grand Total | H10: 977500 | I10: 3924000 | J10: 4901500
A11: Male Total | C11: 3924000 | D11: 2659
A12: Grand Total | C12: 4901500 | D12: 4054
A16: Performance category | B16: Count of Employee Name
A17: Average | B17: 23
A18: Excellent | B18: 9
A19: Good | B19: 18
A20: (blank)
A21: Grand Total | B21: 50

Sheet Dashboard
A1: Total Sales | B1: Total Profit | C1: Employees
A2: =SUM(Clean_Data!I:I) -> 4901500 | B2: =SUM(Clean_Data!K:K) -> 1108385 | C2: =COUNTA(Clean_Data!A:A)-1 -> 50
