Workbook

Sheet Raw_Data
A1: Employee Name | B1: Department | C1: Product | D1: Region | E1: Hours Worked | F1: Overtime Hours | G1: Hourly Rate | H1: Sales | I1: Profit
A2: john kamau | B2: Sales | C2: laptop | D2: nairobi | E2: 40 | F2: 5 | G2: 500 | H2: 120000 | I2: 30000
A3: mary wanjiku | B3: sales | C3: Phone | D3: Nairobi | E3: 38 | F3: 2 | G3: 450 | H3: 95000 | I3: 20000
A4: peter otieno | B4: Marketing | C4: tablet | D4: MOMBASA | E4: 42 | F4: 6 | G4: 400 | H4: 87000 | I4: 15000
A5: ann njeri | B5: HR | C5: none | D5: Nakuru | E5: 36 | F5: 0 | G5: 350 | H5: 0 | I5: 0
A6: james mwangi | B6: IT | C6: Laptop | D6: nairobi | E6: 45 | F6: 10 | G6: 600 | H6: 150000 | I6: 50000
A7: linda cherono | B7: finance | C7: printer | D7: Eldoret | E7: 40 | F7: 4 | G7: 550 | H7: 60000 | I7: 10000
A8: kevin kiptoo | B8: Sales | C8: PHONE | D8: Kisumu | E8: 39 | F8: 3 | G8: 500 | H8: 110000 | I8: 25000
A9: susan achieng | B9: Marketing | C9: Tablet | D9: Mombasa | E9: 41 | F9: 5 | G9: 420 | H9: 92000 | I9: 18000
A10: brian mutiso | B10: IT | C10: laptop | D10: Nairobi | E10: 44 | F10: 8 | G10: 600 | H10: 140000 | I10: 45000
A11: grace wairimu | B11: HR | C11: None | D11: Nakuru | E11: 37 | F11: 1 | G11: 360 | H11: 0 | I11: 0
A12: daniel kirui | B12: Finance | C12: Printer | D12: Eldoret | E12: 40 | F12: 2 | G12: 550 | H12: 58000 | I12: 9000
A13: mercy atieno | B13: Sales | C13: phone | D13: Kisumu | E13: 38 | F13: 4 | G13: 480 | H13: 105000 | I13: 22000
... A56: daniel mwangi | B56: IT | C56: laptop | D56: Nairobi | E56: 47 | F56: 10 | G56: 630 | H56: 159000 | I56: 53000

Sheet Clean_Data_Analysis
A1: Employee Name | B1: Department | C1: Product | D1: Region | E1: Hours Worked | F1: Overtime Hours | G1: Hourly Rate | H1: Sales | I1: Profit | J1: Total Wage | K1: Overtime Pay | L1: Performance Category
A2: =PROPER(TRIM(Raw_Data!A2)) -> John Kamau | B2: =UPPER(TRIM(Raw_Data!B2)) -> SALES | C2: =PROPER(TRIM(Raw_Data!C2)) -> Laptop | D2: =PROPER(TRIM(Raw_Data!D2)) -> Nairobi | E2: =Raw_Data!E2 -> 40 | F2: =Raw_Data!F2 -> 5 | G2: =Raw_Data!G2 -> 500 | H2: =Raw_Data!H2 -> 120000 | I2: =Raw_Data!I2 -> 30000 | J2: =E2*G2 -> 20000 | K2: =F2*G2*1.5 -> 3750 | L2: =IF(H2>120000,"Top Performer",IF(H2>90000,"Average","Low")) -> Average
A3: =PROPER(TRIM(Raw_Data!A3)) -> Mary Wanjiku | B3: =UPPER(TRIM(Raw_Data!B3)) -> SALES | C3: =PROPER(TRIM(Raw_Data!C3)) -> Phone | D3: =PROPER(TRIM(Raw_Data!D3)) -> Nairobi | E3: =Raw_Data!E3 -> 38 | F3: =Raw_Data!F3 -> 2 | G3: =Raw_Data!G3 -> 450 | H3: =Raw_Data!H3 -> 95000 | I3: =Raw_Data!I3 -> 20000 | J3: =E3*G3 -> 17100 | K3: =F3*G3*1.5 -> 1350 | L3: =IF(H3>120000,"Top Performer",IF(H3>90000,"Average","Low")) -> Average
A4: =PROPER(TRIM(Raw_Data!A4)) -> Peter Otieno | B4: =UPPER(TRIM(Raw_Data!B4)) -> MARKETING | C4: =PROPER(TRIM(Raw_Data!C4)) -> Tablet | D4: =PROPER(TRIM(Raw_Data!D4)) -> Mombasa | E4: =Raw_Data!E4 -> 42 | F4: =Raw_Data!F4 -> 6 | G4: =Raw_Data!G4 -> 400 | H4: =Raw_Data!H4 -> 87000 | I4: =Raw_Data!I4 -> 15000 | J4: =E4*G4 -> 16800 | K4: =F4*G4*1.5 -> 3600 | L4: =IF(H4>120000,"Top Performer",IF(H4>90000,"Average","Low")) -> Low
A5: =PROPER(TRIM(Raw_Data!A5)) -> Ann Njeri | B5: =UPPER(TRIM(Raw_Data!B5)) -> HR | C5: =PROPER(TRIM(Raw_Data!C5)) -> None | D5: =PROPER(TRIM(Raw_Data!D5)) -> Nakuru | E5: =Raw_Data!E5 -> 36 | F5: =Raw_Data!F5 -> 0 | G5: =Raw_Data!G5 -> 350 | H5: =Raw_Data!H5 -> 0 | I5: =Raw_Data!I5 -> 0 | J5: =E5*G5 -> 12600 | K5: =F5*G5*1.5 -> 0 | L5: =IF(H5>120000,"Top Performer",IF(H5>90000,"Average","Low")) -> Low
A6: =PROPER(TRIM(Raw_Data!A6)) -> James Mwangi | B6: =UPPER(TRIM(Raw_Data!B6)) -> IT | C6: =PROPER(TRIM(Raw_Data!C6)) -> Laptop | D6: =PROPER(TRIM(Raw_Data!D6)) -> Nairobi | E6: =Raw_Data!E6 -> 45 | F6: =Raw_Data!F6 -> 10 | G6: =Raw_Data!G6 -> 600 | H6: =Raw_Data!H6 -> 150000 | I6: =Raw_Data!I6 -> 50000 | J6: =E6*G6 -> 27000 | K6: =F6*G6*1.5 -> 9000 | L6: =IF(H6>120000,"Top Performer",IF(H6>90000,"Average","Low")) -> Top Performer
A7: =PROPER(TRIM(Raw_Data!A7)) -> Linda Cherono | B7: =UPPER(TRIM(Raw_Data!B7)) -> FINANCE | C7: =PROPER(TRIM(Raw_Data!C7)) -> Printer | D7: =PROPER(TRIM(Raw_Data!D7)) -> Eldoret | E7: =Raw_Data!E7 -> 40 | F7: =Raw_Data!F7 -> 4 | G7: =Raw_Data!G7 -> 550 | H7: =Raw_Data!H7 -> 60000 | I7: =Raw_Data!I7 -> 10000 | J7: =E7*G7 -> 22000 | K7: =F7*G7*1.5 -> 3300 | L7: =IF(H7>120000,"Top Performer",IF(H7>90000,"Average","Low")) -> Low
A8: =PROPER(TRIM(Raw_Data!A8)) -> Kevin Kiptoo | B8: =UPPER(TRIM(Raw_Data!B8)) -> SALES | C8: =PROPER(TRIM(Raw_Data!C8)) -> Phone | D8: =PROPER(TRIM(Raw_Data!D8)) -> Kisumu | E8: =Raw_Data!E8 -> 39 | F8: =Raw_Data!F8 -> 3 | G8: =Raw_Data!G8 -> 500 | H8: =Raw_Data!H8 -> 110000 | I8: =Raw_Data!I8 -> 25000 | J8: =E8*G8 -> 19500 | K8: =F8*G8*1.5 -> 2250 | L8: =IF(H8>120000,"Top Performer",IF(H8>90000,"Average","Low")) -> Average
A9: =PROPER(TRIM(Raw_Data!A9)) -> Susan Achieng | B9: =UPPER(TRIM(Raw_Data!B9)) -> MARKETING | C9: =PROPER(TRIM(Raw_Data!C9)) -> Tablet | D9: =PROPER(TRIM(Raw_Data!D9)) -> Mombasa | E9: =Raw_Data!E9 -> 41 | F9: =Raw_Data!F9 -> 5 | G9: =Raw_Data!G9 -> 420 | H9: =Raw_Data!H9 -> 92000 | I9: =Raw_Data!I9 -> 18000 | J9: =E9*G9 -> 17220 | K9: =F9*G9*1.5 -> 3150 | L9: =IF(H9>120000,"Top Performer",IF(H9>90000,"Average","Low")) -> Average
A10: =PROPER(TRIM(Raw_Data!A10)) -> Brian Mutiso | B10: =UPPER(TRIM(Raw_Data!B10)) -> IT | C10: =PROPER(TRIM(Raw_Data!C10)) -> Laptop | D10: =PROPER(TRIM(Raw_Data!D10)) -> Nairobi | E10: =Raw_Data!E10 -> 44 | F10: =Raw_Data!F10 -> 8 | G10: =Raw_Data!G10 -> 600 | H10: =Raw_Data!H10 -> 140000 | I10: =Raw_Data!I10 -> 45000 | J10: =E10*G10 -> 26400 | K10: =F10*G10*1.5 -> 7200 | L10: =IF(H10>120000,"Top Performer",IF(H10>90000,"Average","Low")) -> Top Performer
A11: =PROPER(TRIM(Raw_Data!A11)) -> Grace Wairimu | B11: =UPPER(TRIM(Raw_Data!B11)) -> HR | C11: =PROPER(TRIM(Raw_Data!C11)) -> None | D11: =PROPER(TRIM(Raw_Data!D11)) -> Nakuru | E11: =Raw_Data!E11 -> 37 | F11: =Raw_Data!F11 -> 1 | G11: =Raw_Data!G11 -> 360 | H11: =Raw_Data!H11 -> 0 | I11: =Raw_Data!I11 -> 0 | J11: =E11*G11 -> 13320 | K11: =F11*G11*1.5 -> 540 | L11: =IF(H11>120000,"Top Performer",IF(H11>90000,"Average","Low")) -> Low
A12: =PROPER(TRIM(Raw_Data!A12)) -> Daniel Kirui | B12: =UPPER(TRIM(Raw_Data!B12)) -> FINANCE | C12: =PROPER(TRIM(Raw_Data!C12)) -> Printer | D12: =PROPER(TRIM(Raw_Data!D12)) -> Eldoret | E12: =Raw_Data!E12 -> 40 | F12: =Raw_Data!F12 -> 2 | G12: =Raw_Data!G12 -> 550 | H12: =Raw_Data!H12 -> 58000 | I12: =Raw_Data!I12 -> 9000 | J12: =E12*G12 -> 22000 | K12: =F12*G12*1.5 -> 1650 | L12: =IF(H12>120000,"Top Performer",IF(H12>90000,"Average","Low")) -> Low
A13: =PROPER(TRIM(Raw_Data!A13)) -> Mercy Atieno | B13: =UPPER(TRIM(Raw_Data!B13)) -> SALES | C13: =PROPER(TRIM(Raw_Data!C13)) -> Phone | D13: =PROPER(TRIM(Raw_Data!D13)) -> Kisumu | E13: =Raw_Data!E13 -> 38 | F13: =Raw_Data!F13 -> 4 | G13: =Raw_Data!G13 -> 480 | H13: =Raw_Data!H13 -> 105000 | I13: =Raw_Data!I13 -> 22000 | J13: =E13*G13 -> 18240 | K13: =F13*G13*1.5 -> 2880 | L13: =IF(H13>120000,"Top Performer",IF(H13>90000,"Average","Low")) -> Average
... A56: =PROPER(TRIM(Raw_Data!A56)) -> Daniel Mwangi | B56: =UPPER(TRIM(Raw_Data!B56)) -> IT | C56: =PROPER(TRIM(Raw_Data!C56)) -> Laptop | D56: =PROPER(TRIM(Raw_Data!D56)) -> Nairobi | E56: =Raw_Data!E56 -> 47 | F56: =Raw_Data!F56 -> 10 | G56: =Raw_Data!G56 -> 630 | H56: =Raw_Data!H56 -> 159000 | I56: =Raw_Data!I56 -> 53000 | J56: =E56*G56 -> 29610 | K56: =F56*G56*1.5 -> 9450 | L56: =IF(H56>120000,"Top Performer",IF(H56>90000,"Average","Low")) -> Top Performer
A57: =PROPER(TRIM(Raw_Data!A58))
A58: =PROPER(TRIM(Raw_Data!A59))
A59: =PROPER(TRIM(Raw_Data!A60))
A60: =PROPER(TRIM(Raw_Data!A61))
A61: =PROPER(TRIM(Raw_Data!A62))

Sheet Business_Insights
A3: Department | B3: Sum of Sales | E3: Product | F3: Sum of Profit | I3: Region | J3: Sum of Sales
A4: SALES | B4: 1435000 | E4: Laptop | F4: 625000 | I4: Eldoret | J4: 613000
A5: MARKETING | B5: 1099000 | E5: None | F5: 0 | I5: Kisumu | J5: 1095000
A6: IT | B6: 1826000 | E6: Phone | F6: 274000 | I6: Mombasa | J6: 1099000
A7: HR | B7: 0 | E7: Printer | F7: 116500 | I7: Nairobi | J7: 2166000
A8: FINANCE | B8: 613000 | E8: Tablet | F8: 248500 | I8: Nakuru | J8: 0
A9: Grand Total | B9: 4973000 | E9: Grand Total | F9: 1264000 | I9: Grand Total | J9: 4973000

Sheet Dashboard_View
C1: Sales Dashboard Overview
A2: Total Sales | C2: Total Profit | E2: Total Employees | G2: Best Department
A3: =SUM(Clean_Data_Analysis!H:H) -> 4973000 | C3: =SUM(Clean_Data_Analysis!I:I) -> 1264000 | E3: =COUNTA(Clean_Data_Analysis!A:A)-1 -> 60 | G3: IT
