Workbook

Sheet Raw Data
A1: Employee Name | B1: Department | C1: Product | D1: Region | E1: Hours Worked | F1: Overtime Hours | G1: Hourly Rate | H1: Sales | I1: Profit
A2: john kamau | B2: Sales | C2: laptop | D2: nairobi | E2: 40 | F2: 5 | G2: 500 | H2: 120000 | I2: 30000
A3: Mary Wanjiku | B3: sales | C3: Phone | D3: Nairobi | E3: 38 | F3: 2 | G3: 450 | H3: 95000 | I3: 20000
A4: PETER OTIENO | B4: Marketing | C4: tablet | D4: MOMBASA | E4: 42 | F4: 6 | G4: 400 | H4: 87000 | I4: 15000
A5: ann njeri | B5: HR | C5: none | D5: Nakuru | E5: 36 | F5: 0 | G5: 350 | H5: 0 | I5: 0
A6: James Mwangi | B6: IT | C6: Laptop | D6: nairobi | E6: 45 | F6: 10 | G6: 600 | H6: 150000 | I6: 50000
A7: linda cherono | B7: finance | C7: printer | D7: Eldoret | E7: 40 | F7: 4 | G7: 550 | H7: 60000 | I7: 10000
A8: Kevin Kiptoo | B8: Sales | C8: PHONE | D8: Kisumu | E8: 39 | F8: 3 | G8: 500 | H8: 110000 | I8: 25000
A9: susan Achieng | B9: Marketing | C9: Tablet | D9: Mombasa | E9: 41 | F9: 5 | G9: 420 | H9: 92000 | I9: 18000
A10: brian mutiso | B10: IT | C10: laptop | D10: Nairobi | E10: 44 | F10: 8 | G10: 600 | H10: 140000 | I10: 45000
A11: grace Wairimu | B11: HR | C11: None | D11: Nakuru | E11: 37 | F11: 1 | G11: 360 | H11: 0 | I11: 0
A12: daniel kirui | B12: Finance | C12: Printer | D12: Eldoret | E12: 40 | F12: 2 | G12: 550 | H12: 58000 | I12: 9000
A13: Mercy Atieno | B13: Sales | C13: phone | D13: Kisumu | E13: 38 | F13: 4 | G13: 480 | H13: 105000 | I13: 22000
... A26: eric mwangi | B26: IT | C26: laptop | D26: Nairobi | E26: 47 | F26: 11 | G26: 630 | H26: 160000 | I26: 55000

Sheet Clean Data
A1: Employee Name | B1: Department | C1: Product | D1: Region | E1: Hours Worked | F1: Overtime Hours | G1: Hourly Rate | H1: Sales | I1: Profit | J1: Total Wage | K1: Overtime Pay | L1: Performance Category
A2: =PROPER(TRIM('Raw Data'!A2)) -> John Kamau | B2: =UPPER(TRIM('Raw Data'!B2)) -> SALES | C2: =PROPER(TRIM('Raw Data'!C2)) -> Laptop | D2: =PROPER(TRIM('Raw Data'!D2)) -> Nairobi | E2: 40 | F2: 5 | G2: 500 | H2: 120000 | I2: 30000 | J2: =E2*G2 -> 20000 | K2: =F2*G2*1.5 -> 3750 | L2: =IF(I2>120000,"Top Performer",IF(I2>90000,"Average","Low")) -> Low
A3: =PROPER(TRIM('Raw Data'!A3)) -> Mary Wanjiku | B3: =UPPER(TRIM('Raw Data'!B3)) -> SALES | C3: =PROPER(TRIM('Raw Data'!C3)) -> Phone | D3: =PROPER(TRIM('Raw Data'!D3)) -> Nairobi | E3: 38 | F3: 2 | G3: 450 | H3: 95000 | I3: 20000 | J3: =E3*G3 -> 17100 | K3: =F3*G3*1.5 -> 1350 | L3: =IF(I3>120000,"Top Performer",IF(I3>90000,"Average","Low")) -> Low
A4: =PROPER(TRIM('Raw Data'!A4)) -> Peter Otieno | B4: =UPPER(TRIM('Raw Data'!B4)) -> MARKETING | C4: =PROPER(TRIM('Raw Data'!C4)) -> Tablet | D4: =PROPER(TRIM('Raw Data'!D4)) -> Mombasa | E4: 42 | F4: 6 | G4: 400 | H4: 87000 | I4: 15000 | J4: =E4*G4 -> 16800 | K4: =F4*G4*1.5 -> 3600 | L4: =IF(I4>120000,"Top Performer",IF(I4>90000,"Average","Low")) -> Low
A5: =PROPER(TRIM('Raw Data'!A5)) -> Ann Njeri | B5: =UPPER(TRIM('Raw Data'!B5)) -> HR | C5: =PROPER(TRIM('Raw Data'!C5)) -> None | D5: =PROPER(TRIM('Raw Data'!D5)) -> Nakuru | E5: 36 | F5: 0 | G5: 350 | H5: 0 | I5: 0 | J5: =E5*G5 -> 12600 | K5: =F5*G5*1.5 -> 0 | L5: =IF(I5>120000,"Top Performer",IF(I5>90000,"Average","Low")) -> Low
A6: =PROPER(TRIM('Raw Data'!A6)) -> James Mwangi | B6: =UPPER(TRIM('Raw Data'!B6)) -> IT | C6: =PROPER(TRIM('Raw Data'!C6)) -> Laptop | D6: =PROPER(TRIM('Raw Data'!D6)) -> Nairobi | E6: 45 | F6: 10 | G6: 600 | H6: 150000 | I6: 50000 | J6: =E6*G6 -> 27000 | K6: =F6*G6*1.5 -> 9000 | L6: =IF(I6>120000,"Top Performer",IF(I6>90000,"Average","Low")) -> Low
A7: =PROPER(TRIM('Raw Data'!A7)) -> Linda Cherono | B7: =UPPER(TRIM('Raw Data'!B7)) -> FINANCE | C7: =PROPER(TRIM('Raw Data'!C7)) -> Printer | D7: =PROPER(TRIM('Raw Data'!D7)) -> Eldoret | E7: 40 | F7: 4 | G7: 550 | H7: 60000 | I7: 10000 | J7: =E7*G7 -> 22000 | K7: =F7*G7*1.5 -> 3300 | L7: =IF(I7>120000,"Top Performer",IF(I7>90000,"Average","Low")) -> Low
A8: =PROPER(TRIM('Raw Data'!A8)) -> Kevin Kiptoo | B8: =UPPER(TRIM('Raw Data'!B8)) -> SALES | C8: =PROPER(TRIM('Raw Data'!C8)) -> Phone | D8: =PROPER(TRIM('Raw Data'!D8)) -> Kisumu | E8: 39 | F8: 3 | G8: 500 | H8: 110000 | I8: 25000 | J8: =E8*G8 -> 19500 | K8: =F8*G8*1.5 -> 2250 | L8: =IF(I8>120000,"Top Performer",IF(I8>90000,"Average","Low")) -> Low
A9: =PROPER(TRIM('Raw Data'!A9)) -> Susan Achieng | B9: =UPPER(TRIM('Raw Data'!B9)) -> MARKETING | C9: =PROPER(TRIM('Raw Data'!C9)) -> Tablet | D9: =PROPER(TRIM('Raw Data'!D9)) -> Mombasa | E9: 41 | F9: 5 | G9: 420 | H9: 92000 | I9: 18000 | J9: =E9*G9 -> 17220 | K9: =F9*G9*1.5 -> 3150 | L9: =IF(I9>120000,"Top Performer",IF(I9>90000,"Average","Low")) -> Low
A10: =PROPER(TRIM('Raw Data'!A10)) -> Brian Mutiso | B10: =UPPER(TRIM('Raw Data'!B10)) -> IT | C10: =PROPER(TRIM('Raw Data'!C10)) -> Laptop | D10: =PROPER(TRIM('Raw Data'!D10)) -> Nairobi | E10: 44 | F10: 8 | G10: 600 | H10: 140000 | I10: 45000 | J10: =E10*G10 -> 26400 | K10: =F10*G10*1.5 -> 7200 | L10: =IF(I10>120000,"Top Performer",IF(I10>90000,"Average","Low")) -> Low
A11: =PROPER(TRIM('Raw Data'!A11)) -> Grace Wairimu | B11: =UPPER(TRIM('Raw Data'!B11)) -> HR | C11: =PROPER(TRIM('Raw Data'!C11)) -> None | D11: =PROPER(TRIM('Raw Data'!D11)) -> Nakuru | E11: 37 | F11: 1 | G11: 360 | H11: 0 | I11: 0 | J11: =E11*G11 -> 13320 | K11: =F11*G11*1.5 -> 540 | L11: =IF(I11>120000,"Top Performer",IF(I11>90000,"Average","Low")) -> Low
A12: =PROPER(TRIM('Raw Data'!A12)) -> Daniel Kirui | B12: =UPPER(TRIM('Raw Data'!B12)) -> FINANCE | C12: =PROPER(TRIM('Raw Data'!C12)) -> Printer | D12: =PROPER(TRIM('Raw Data'!D12)) -> Eldoret | E12: 40 | F12: 2 | G12: 550 | H12: 58000 | I12: 9000 | J12: =E12*G12 -> 22000 | K12: =F12*G12*1.5 -> 1650 | L12: =IF(I12>120000,"Top Performer",IF(I12>90000,"Average","Low")) -> Low
A13: =PROPER(TRIM('Raw Data'!A13)) -> Mercy Atieno | B13: =UPPER(TRIM('Raw Data'!B13)) -> SALES | C13: =PROPER(TRIM('Raw Data'!C13)) -> Phone | D13: =PROPER(TRIM('Raw Data'!D13)) -> Kisumu | E13: 38 | F13: 4 | G13: 480 | H13: 105000 | I13: 22000 | J13: =E13*G13 -> 18240 | K13: =F13*G13*1.5 -> 2880 | L13: =IF(I13>120000,"Top Performer",IF(I13>90000,"Average","Low")) -> Low
... A26: =PROPER(TRIM('Raw Data'!A26)) -> Eric Mwangi | B26: =UPPER(TRIM('Raw Data'!B26)) -> IT | C26: =PROPER(TRIM('Raw Data'!C26)) -> Laptop | D26: =PROPER(TRIM('Raw Data'!D26)) -> Nairobi | E26: 47 | F26: 11 | G26: 630 | H26: 160000 | I26: 55000 | J26: =E26*G26 -> 29610 | K26: =F26*G26*1.5 -> 10395 | L26: =IF(I26>120000,"Top Performer",IF(I26>90000,"Average","Low")) -> Low
A27: =PROPER(TRIM('Raw Data'!A27)) | B27: =UPPER(TRIM('Raw Data'!B27)) | C27: =PROPER(TRIM('Raw Data'!C27)) | D27: =PROPER(TRIM('Raw Data'!D27))
A28: =PROPER(TRIM('Raw Data'!A28)) | B28: =UPPER(TRIM('Raw Data'!B28)) | C28: =PROPER(TRIM('Raw Data'!C28)) | D28: =PROPER(TRIM('Raw Data'!D28))
A29: =PROPER(TRIM('Raw Data'!A29)) | B29: =UPPER(TRIM('Raw Data'!B29)) | C29: =PROPER(TRIM('Raw Data'!C29)) | D29: =PROPER(TRIM('Raw Data'!D29))
A30: =PROPER(TRIM('Raw Data'!A30)) | B30: =UPPER(TRIM('Raw Data'!B30)) | C30: =PROPER(TRIM('Raw Data'!C30)) | D30: =PROPER(TRIM('Raw Data'!D30))
A31: =PROPER(TRIM('Raw Data'!A31)) | B31: =UPPER(TRIM('Raw Data'!B31)) | D31: =PROPER(TRIM('Raw Data'!D31))
A32: =PROPER(TRIM('Raw Data'!A32)) | B32: =UPPER(TRIM('Raw Data'!B32)) | D32: =PROPER(TRIM('Raw Data'!D32))
A33: =PROPER(TRIM('Raw Data'!A33)) | B33: =UPPER(TRIM('Raw Data'!B33)) | D33: =PROPER(TRIM('Raw Data'!D33))
B34: =UPPER(TRIM('Raw Data'!B34)) | D34: =PROPER(TRIM('Raw Data'!D34))
B35: =UPPER(TRIM('Raw Data'!B35)) | D35: =PROPER(TRIM('Raw Data'!D35))
B36: =UPPER(TRIM('Raw Data'!B36)) | D36: =PROPER(TRIM('Raw Data'!D36))
D37: =PROPER(TRIM('Raw Data'!D37))
D38: =PROPER(TRIM('Raw Data'!D38))
D39: =PROPER(TRIM('Raw Data'!D39))

Sheet Analysis
A3: Department | B3: Sum of Sales | F3: Product | G3: Sum of Profit | K3: Region | L3: Sum of Sales
A5: FINANCE | B5: 241000 | F5: Laptop | G5: 280000 | K5: Eldoret | L5: 241000
A6: HR | B6: 0 | F6: None | G6: 0 | K6: Kisumu | L6: 430000
A7: IT | B7: 753000 | F7: Phone | G7: 114000 | K7: Mombasa | L7: 452000
A8: MARKETING | B8: 452000 | F8: Printer | G8: 42000 | K8: Nairobi | L8: 968000
A9: SALES | B9: 645000 | F9: Tablet | G9: 85000 | K9: Nakuru | L9: 0
A10: (blank) | F10: (blank) | K10: Grand Total | L10: 2091000
A11: Grand Total | B11: 2091000 | F11: Grand Total | G11: 521000
